PassengerId,Survived,Pclass,Name,Sex,Age,SibSp,Parch,Ticket,Fare,Cabin,Embarked
1,0,1,Passenger_1,female,13,0,1,T1,135.2361183366457,D,Q
2,1,2,Passenger_2,female,56,3,3,T2,189.2112349999027,F,S
3,1,3,Passenger_3,male,8,3,3,T3,166.33404113034294,A,S
4,1,3,Passenger_4,male,79,2,2,T4,81.6215058288019,F,C
5,1,3,Passenger_5,male,10,2,2,T5,180.18907855224722,T,S
6,0,2,Passenger_6,male,41,0,0,T6,38.464294205858266,G,C
7,0,2,Passenger_7,female,47,0,2,T7,175.44260888323177,nan,nan
8,0,3,Passenger_8,female,35,1,2,T8,162.87426214696652,D,S
9,0,3,Passenger_9,male,18,4,2,T9,66.63657416619998,B,C
10,0,1,Passenger_10,female,46,4,2,T10,70.58869730224097,G,S
11,0,3,Passenger_11,male,68,2,3,T11,122.10350527383947,F,S
12,0,1,Passenger_12,male,49,4,0,T12,33.42520526934555,A,S
13,0,3,Passenger_13,female,52,3,3,T13,176.70609711122228,B,S
14,1,3,Passenger_14,male,47,3,0,T14,14.027799723655225,B,S
15,0,1,Passenger_15,male,55,3,0,T15,186.61540598736957,nan,Q
16,1,2,Passenger_16,male,58,1,0,T16,151.89742407488635,D,S
17,1,1,Passenger_17,male,5,0,2,T17,52.397732207342045,G,nan
18,1,1,Passenger_18,female,18,3,1,T18,58.200927221976364,nan,Q
19,1,3,Passenger_19,male,67,0,0,T19,30.390113848683495,G,S
20,1,1,Passenger_20,female,47,4,2,T20,87.11797952491608,F,S
21,1,3,Passenger_21,male,13,0,0,T21,156.77094768107054,G,S
22,0,2,Passenger_22,male,1,0,2,T22,191.44607913944267,D,C
23,0,1,Passenger_23,male,22,0,2,T23,17.15918605395597,E,S
24,0,3,Passenger_24,female,27,4,0,T24,176.48612388990313,F,S
25,0,3,Passenger_25,female,76,3,1,T25,199.07066266998885,T,S
26,1,2,Passenger_26,male,1,4,0,T26,88.66551298892118,nan,S
27,1,2,Passenger_27,female,30,2,1,T27,124.21002138968382,nan,C
28,1,3,Passenger_28,male,77,1,0,T28,92.54493112142703,G,S
29,1,1,Passenger_29,female,45,4,2,T29,196.63355074815956,F,S
30,0,1,Passenger_30,female,63,4,2,T30,194.8594168141718,G,S
31,0,3,Passenger_31,female,49,0,2,T31,118.74022831209167,G,S
32,0,2,Passenger_32,female,16,2,0,T32,168.6034311653761,G,S
33,0,1,Passenger_33,female,73,2,1,T33,75.92962406924804,T,S
34,0,1,Passenger_34,female,32,3,1,T34,68.77962343226748,E,S
35,1,2,Passenger_35,male,54,2,1,T35,10.444527419254623,nan,S
36,0,2,Passenger_36,female,51,0,3,T36,108.45826070582886,C,S
37,1,3,Passenger_37,female,71,4,1,T37,58.96064883195636,G,nan
38,0,3,Passenger_38,male,30,4,1,T38,177.01652924278198,nan,S
39,0,2,Passenger_39,female,32,3,3,T39,158.78781592120035,G,S
40,0,2,Passenger_40,female,68,1,1,T40,109.5798251388583,T,C
41,0,3,Passenger_41,male,42,2,3,T41,104.9041937376392,T,S
42,0,3,Passenger_42,female,8,4,1,T42,171.43878667330938,D,S
43,1,2,Passenger_43,female,38,4,1,T43,187.9757110499022,nan,C
44,1,2,Passenger_44,male,27,2,0,T44,104.84590734503666,B,C
45,0,2,Passenger_45,female,12,0,0,T45,22.08602568184117,E,S
46,0,3,Passenger_46,female,24,4,2,T46,148.55568371537703,C,nan
47,0,3,Passenger_47,female,27,2,2,T47,54.705908828731275,nan,C
48,0,3,Passenger_48,female,58,1,2,T48,152.62441249262392,F,S
49,0,3,Passenger_49,female,71,2,2,T49,11.468948039718068,C,nan
50,1,2,Passenger_50,male,25,2,2,T50,20.654109234693287,D,Q
51,0,1,Passenger_51,male,28,4,3,T51,173.2716194460856,T,C
52,1,2,Passenger_52,male,19,2,0,T52,75.45905918041464,C,C
53,1,3,Passenger_53,female,42,1,0,T53,86.55220416355667,D,nan
54,0,2,Passenger_54,female,38,1,0,T54,47.735193199300944,F,S
55,1,2,Passenger_55,male,63,0,1,T55,41.415469271896576,A,S
56,0,1,Passenger_56,male,18,1,3,T56,53.767113602318716,G,S
57,1,3,Passenger_57,female,59,4,1,T57,94.96936902962432,G,S
58,1,3,Passenger_58,female,51,4,1,T58,110.83998092836032,G,S
59,1,3,Passenger_59,male,60,1,2,T59,129.28157172259984,T,nan
60,0,2,Passenger_60,male,36,4,2,T60,96.1692097899289,B,S
61,0,2,Passenger_61,female,11,2,2,T61,159.51718108113545,F,C
62,0,2,Passenger_62,female,6,1,0,T62,39.84423705629311,A,Q
63,0,3,Passenger_63,male,11,4,1,T63,93.95157253232905,T,S
64,1,3,Passenger_64,male,41,2,2,T64,72.46339760798728,C,S
65,0,3,Passenger_65,male,6,0,2,T65,155.39969663807332,E,C
66,1,2,Passenger_66,male,55,3,2,T66,112.92858246282427,F,Q
67,0,3,Passenger_67,female,29,4,0,T67,36.43918776321313,D,S
68,1,2,Passenger_68,female,41,2,2,T68,175.07788341142341,G,S
69,1,3,Passenger_69,female,54,0,1,T69,120.12433842610699,T,C
70,1,3,Passenger_70,female,67,4,3,T70,43.65471058149544,nan,S
71,0,3,Passenger_71,female,41,3,1,T71,113.85125137939735,F,S
72,1,1,Passenger_72,female,37,2,3,T72,149.85216267755848,D,C
73,0,2,Passenger_73,male,29,2,1,T73,136.84690287888668,B,S
74,1,3,Passenger_74,female,29,2,3,T74,125.44139851572059,nan,S
75,0,2,Passenger_75,female,53,1,2,T75,184.5509933239459,D,S
76,1,2,Passenger_76,male,35,2,1,T76,46.30887000959259,C,S
77,0,3,Passenger_77,female,1,1,0,T77,78.59465194787043,D,C
78,1,1,Passenger_78,female,63,0,1,T78,39.625305833094224,F,S
79,0,3,Passenger_79,male,39,3,1,T79,111.7596712379331,G,C
80,0,1,Passenger_80,male,5,3,1,T80,72.07354288214108,E,S
81,0,2,Passenger_81,male,78,0,1,T81,23.221854852827967,B,C
82,1,3,Passenger_82,female,35,2,2,T82,185.47566748327574,D,C
83,0,1,Passenger_83,male,52,2,3,T83,73.66726833482224,D,S
84,1,3,Passenger_84,female,50,4,1,T84,41.42431762234557,D,C
85,1,3,Passenger_85,female,24,0,2,T85,95.80834028297848,nan,nan
86,0,3,Passenger_86,female,3,0,3,T86,113.20511982245145,F,S
87,0,2,Passenger_87,female,46,2,3,T87,107.85048131786738,T,S
88,1,3,Passenger_88,male,8,4,3,T88,191.9445774965454,T,S
89,0,3,Passenger_89,male,67,0,2,T89,135.5263178005345,C,S
90,1,3,Passenger_90,male,35,1,3,T90,52.24060151540671,F,Q
91,0,2,Passenger_91,female,18,3,1,T91,90.42313498454044,D,S
92,0,2,Passenger_92,male,7,0,0,T92,126.90097014856507,D,S
93,0,1,Passenger_93,female,37,3,1,T93,36.53830358328026,T,S
94,1,2,Passenger_94,female,61,3,2,T94,159.93160834613553,C,C
95,0,3,Passenger_95,female,46,4,1,T95,124.71397824213847,E,S
96,0,3,Passenger_96,female,28,0,0,T96,139.4031279202283,D,S
97,1,1,Passenger_97,male,62,1,2,T97,158.61241494034513,E,S
98,1,3,Passenger_98,male,69,2,0,T98,173.08506995276625,C,C
99,1,3,Passenger_99,male,73,2,1,T99,177.63937493515283,E,S
100,0,2,Passenger_100,male,73,0,2,T100,11.698954462381458,T,S
101,1,3,Passenger_101,female,39,4,3,T101,169.483380988706,G,nan
102,0,3,Passenger_102,female,39,2,1,T102,131.539925998029,nan,C
103,0,3,Passenger_103,female,51,0,2,T103,126.12456127472086,D,C
104,0,2,Passenger_104,female,39,2,0,T104,56.76921937161331,G,C
105,1,3,Passenger_105,male,21,4,3,T105,195.77557194664286,C,C
106,1,3,Passenger_106,male,52,0,0,T106,94.12687654311452,G,C
107,0,3,Passenger_107,female,76,2,0,T107,112.88966195997861,T,S
108,0,1,Passenger_108,female,2,3,0,T108,32.06383222103036,nan,S
109,1,3,Passenger_109,male,74,1,2,T109,172.14671689592936,D,C
110,1,3,Passenger_110,female,53,3,0,T110,89.1228626098832,D,C
111,0,1,Passenger_111,female,27,4,3,T111,22.931460771055196,nan,S
112,1,3,Passenger_112,female,2,2,0,T112,167.60771544066606,C,S
113,1,3,Passenger_113,male,48,4,3,T113,95.86592694852074,E,nan
114,0,3,Passenger_114,female,60,3,1,T114,114.34657116565681,E,S
115,1,3,Passenger_115,female,27,2,3,T115,195.15064019153058,D,Q
116,0,2,Passenger_116,female,8,3,0,T116,122.43763083621499,A,S
117,1,2,Passenger_117,female,16,1,2,T117,87.96587374332502,G,Q
118,1,3,Passenger_118,female,56,2,0,T118,134.37575983158237,D,nan
119,0,2,Passenger_119,male,67,0,1,T119,173.05310100809183,F,C
120,1,3,Passenger_120,female,11,4,1,T120,166.3275035255022,nan,Q
121,1,2,Passenger_121,female,63,0,1,T121,18.425584348841653,C,S
122,0,3,Passenger_122,female,62,3,0,T122,107.56528587269258,F,Q
123,0,3,Passenger_123,female,13,2,1,T123,92.53618155040684,nan,S
124,1,3,Passenger_124,male,75,0,3,T124,186.14878674403082,B,S
125,0,3,Passenger_125,female,48,0,2,T125,53.43541213955171,G,S
126,1,2,Passenger_126,female,35,0,0,T126,76.24580748260728,C,S
127,0,3,Passenger_127,male,8,4,3,T127,136.90013547087676,E,S
128,0,2,Passenger_128,male,43,1,3,T128,29.979360585947756,nan,Q
129,0,3,Passenger_129,male,78,4,0,T129,135.6891641333809,B,Q
130,0,1,Passenger_130,male,78,0,3,T130,83.6749229931935,A,S
131,0,3,Passenger_131,female,61,0,1,T131,187.53436012399214,T,nan
132,1,3,Passenger_132,female,26,0,2,T132,51.0594245546269,C,S
133,1,3,Passenger_133,male,61,1,3,T133,84.02291134725706,B,S
134,1,1,Passenger_134,female,71,0,1,T134,21.160127705277713,B,S
135,1,1,Passenger_135,female,16,4,1,T135,122.41010339372515,E,S
136,0,2,Passenger_136,male,55,4,3,T136,92.23561314848592,E,Q
137,0,2,Passenger_137,female,24,4,3,T137,167.9810620295698,nan,S
138,0,3,Passenger_138,male,19,4,1,T138,165.18208591536447,G,S
139,0,2,Passenger_139,male,32,4,1,T139,85.21734012828881,A,C
140,0,3,Passenger_140,female,41,1,1,T140,21.526341543866515,D,nan
141,0,3,Passenger_141,female,28,4,3,T141,144.42559184968846,T,S
142,1,2,Passenger_142,male,21,0,3,T142,149.54053487767786,B,C
143,1,3,Passenger_143,male,39,2,3,T143,76.37351477388307,F,Q
144,0,3,Passenger_144,male,47,4,0,T144,48.50568952797742,A,C
145,0,1,Passenger_145,male,18,1,2,T145,48.94234173637898,D,C
146,1,3,Passenger_146,female,21,3,1,T146,53.416621784191435,T,S
147,0,2,Passenger_147,female,79,1,0,T147,120.37175526057706,E,S
148,0,3,Passenger_148,female,40,1,2,T148,15.547432722006652,B,S
149,1,1,Passenger_149,female,11,1,1,T149,110.2860763682441,C,S
150,1,2,Passenger_150,male,56,3,2,T150,71.43683946193963,G,C
151,0,2,Passenger_151,male,6,2,2,T151,188.56640617104333,T,C
152,0,3,Passenger_152,female,24,2,3,T152,24.29926157282677,D,S
153,0,3,Passenger_153,male,30,0,2,T153,148.8234597295789,T,C
154,1,3,Passenger_154,male,60,0,3,T154,105.58397819671839,nan,C
155,0,3,Passenger_155,female,62,4,3,T155,150.90593305411818,E,S
156,1,2,Passenger_156,female,13,3,1,T156,156.8748937084587,T,S
157,0,2,Passenger_157,male,13,1,1,T157,22.772537894756834,F,nan
158,1,3,Passenger_158,female,56,4,1,T158,95.91170512939937,C,S
159,1,2,Passenger_159,male,27,0,1,T159,182.2757056290063,B,C
160,0,2,Passenger_160,female,31,0,2,T160,149.05138573633334,F,C
161,0,3,Passenger_161,female,36,0,3,T161,181.93449354497994,B,S
162,0,3,Passenger_162,male,9,1,3,T162,25.706931528947415,G,Q
163,0,2,Passenger_163,male,38,4,0,T163,23.876852164130792,B,S
164,0,2,Passenger_164,female,43,4,0,T164,140.29088717458782,G,S
165,0,3,Passenger_165,male,10,0,2,T165,61.583011811531264,nan,C
166,1,2,Passenger_166,male,29,1,0,T166,67.87589385303582,G,S
167,0,3,Passenger_167,female,34,3,1,T167,162.83250952865814,C,S
168,0,3,Passenger_168,male,11,3,3,T168,79.0216098839278,E,C
169,1,2,Passenger_169,female,49,4,1,T169,89.47276927963907,E,C
170,0,3,Passenger_170,female,61,4,2,T170,38.042109559536925,T,S
171,1,2,Passenger_171,male,4,4,0,T171,103.6256230567406,D,nan
172,0,3,Passenger_172,male,20,2,3,T172,29.713673538049683,C,S
173,0,1,Passenger_173,female,12,4,2,T173,29.284254629570093,B,C
174,0,1,Passenger_174,female,6,2,1,T174,47.135740395962145,nan,Q
175,0,3,Passenger_175,male,54,1,1,T175,182.9612710899621,G,S
176,0,2,Passenger_176,female,66,4,1,T176,151.00651209049795,G,nan
177,1,1,Passenger_177,male,18,0,3,T177,113.05975592478481,B,S
178,1,2,Passenger_178,female,60,4,1,T178,46.270111021872836,G,nan
179,0,3,Passenger_179,male,54,2,1,T179,137.86507078255553,nan,C
180,1,1,Passenger_180,female,30,0,3,T180,23.064609153765353,E,S
181,0,1,Passenger_181,male,72,2,3,T181,194.09255445579734,E,S
182,1,1,Passenger_182,female,16,1,0,T182,141.03092415732453,D,S
183,1,3,Passenger_183,female,36,4,1,T183,29.062616764400218,F,C
184,1,2,Passenger_184,male,26,0,1,T184,112.72219704201619,T,S
185,1,2,Passenger_185,female,73,0,2,T185,177.62033438701326,D,C
186,0,3,Passenger_186,female,66,3,1,T186,139.97565418369308,E,S
187,0,3,Passenger_187,female,4,4,3,T187,13.215657250231834,F,S
188,1,1,Passenger_188,female,48,3,0,T188,46.8604246264031,B,S
189,0,3,Passenger_189,female,64,2,2,T189,146.78945798510128,E,nan
190,0,3,Passenger_190,male,64,1,3,T190,87.6631494106911,T,S
191,0,2,Passenger_191,male,62,1,0,T191,103.36432497037664,A,S
192,0,1,Passenger_192,female,72,1,1,T192,155.08859674980914,C,nan
193,1,2,Passenger_193,female,77,4,2,T193,188.5695104294815,D,C
194,0,2,Passenger_194,male,5,4,0,T194,128.63592913858093,A,C
195,0,1,Passenger_195,male,31,2,2,T195,40.93707440989038,T,nan
196,1,2,Passenger_196,female,64,3,3,T196,152.60562071372098,F,S
197,0,2,Passenger_197,male,42,4,0,T197,97.58193563966188,F,S
198,0,2,Passenger_198,male,19,1,0,T198,38.29378621745023,G,nan
199,1,3,Passenger_199,male,52,2,3,T199,41.86698071565109,B,S
200,1,3,Passenger_200,female,62,0,1,T200,19.32932679272175,G,C
201,0,2,Passenger_201,female,60,2,1,T201,71.95060798662917,A,C
202,1,2,Passenger_202,male,5,2,1,T202,108.75715301304453,D,Q
203,0,3,Passenger_203,female,76,2,0,T203,170.53639182263868,D,S
204,0,1,Passenger_204,male,38,3,0,T204,99.62576746722672,B,C
205,1,3,Passenger_205,female,49,0,3,T205,15.381604169193862,D,S
206,0,2,Passenger_206,female,13,1,1,T206,189.38431947874724,E,S
207,1,1,Passenger_207,male,31,2,0,T207,39.46882551463919,E,S
208,0,2,Passenger_208,male,45,4,2,T208,186.94209370465717,nan,Q
209,1,2,Passenger_209,female,23,0,2,T209,58.62964871937313,E,Q
210,0,2,Passenger_210,male,69,2,0,T210,85.40814713757318,B,S
211,0,3,Passenger_211,female,42,0,3,T211,156.62569176973133,C,S
212,0,3,Passenger_212,male,30,3,3,T212,192.5188391520988,B,S
213,1,3,Passenger_213,female,40,2,3,T213,79.66976746796149,F,S
214,0,3,Passenger_214,male,76,4,0,T214,63.15364991521695,F,C
215,0,1,Passenger_215,female,56,0,2,T215,37.67941604639144,C,S
216,1,2,Passenger_216,male,72,4,3,T216,134.8833073958122,A,S
217,0,3,Passenger_217,female,66,3,3,T217,155.59052610406297,F,S
218,1,3,Passenger_218,female,9,4,1,T218,189.59291502004314,E,S
219,0,3,Passenger_219,female,24,3,1,T219,128.34587931236052,A,S
220,1,3,Passenger_220,male,60,4,1,T220,140.6336722873206,C,S
221,1,2,Passenger_221,male,35,2,2,T221,29.110786368644327,T,S
222,0,3,Passenger_222,female,76,2,1,T222,198.0171293627231,B,Q
223,1,1,Passenger_223,male,30,0,0,T223,99.41746332920516,F,nan
224,0,3,Passenger_224,female,74,1,0,T224,28.851192322264534,G,nan
225,0,3,Passenger_225,male,51,3,3,T225,40.37934713323029,E,S
226,0,3,Passenger_226,male,6,3,1,T226,172.07365192235477,E,C
227,1,2,Passenger_227,male,62,2,3,T227,80.2095181636511,E,C
228,0,3,Passenger_228,male,2,2,1,T228,183.18353832931405,B,S
229,1,3,Passenger_229,female,30,0,1,T229,177.97167148086857,T,Q
230,0,2,Passenger_230,male,47,0,2,T230,47.95492700301178,E,S
231,1,3,Passenger_231,male,52,1,2,T231,132.38112418321336,A,Q
232,0,3,Passenger_232,male,31,4,0,T232,110.34650527982822,F,nan
233,0,1,Passenger_233,female,42,2,3,T233,146.88150297411846,nan,S
234,0,3,Passenger_234,female,35,4,3,T234,35.49794616990209,B,S
235,0,3,Passenger_235,female,40,4,1,T235,80.93211803910714,F,S
236,1,2,Passenger_236,female,1,4,3,T236,10.900140353605245,E,S
237,1,3,Passenger_237,male,34,2,0,T237,93.62469732504239,B,S
238,1,3,Passenger_238,male,79,4,2,T238,29.907654755497123,T,S
239,0,1,Passenger_239,male,45,4,3,T239,87.7704820170881,C,S
240,0,3,Passenger_240,male,56,1,0,T240,161.61206149028152,F,Q
241,0,3,Passenger_241,male,33,4,2,T241,100.26215995680055,A,S
242,1,3,Passenger_242,male,41,0,2,T242,185.95234849978397,T,S
243,0,3,Passenger_243,male,14,1,2,T243,126.44843414051353,T,nan
244,1,1,Passenger_244,male,41,3,3,T244,112.29665239104628,F,S
245,1,1,Passenger_245,male,79,0,0,T245,84.62665804674738,G,C
246,0,3,Passenger_246,female,76,1,1,T246,196.93642161922563,E,S
247,0,1,Passenger_247,female,2,2,2,T247,27.608423057659696,A,nan
248,1,3,Passenger_248,male,15,2,1,T248,147.72642326269258,C,S
249,1,2,Passenger_249,male,5,0,0,T249,89.45318347052773,T,Q
250,0,2,Passenger_250,female,36,4,1,T250,138.28621147305265,D,S
251,0,3,Passenger_251,male,37,4,0,T251,134.4326204082962,nan,nan
252,0,1,Passenger_252,female,47,3,1,T252,175.34159308114508,B,S
253,0,3,Passenger_253,female,11,2,0,T253,69.87651999313616,G,S
254,0,3,Passenger_254,female,28,0,2,T254,123.77122010345556,G,S
255,1,3,Passenger_255,female,52,4,1,T255,97.17497068544479,A,nan
256,0,1,Passenger_256,male,31,1,2,T256,184.04518815723188,E,nan
257,1,3,Passenger_257,female,65,1,0,T257,139.96381469707916,G,S
258,0,1,Passenger_258,female,28,2,1,T258,95.02357522950793,E,S
259,1,1,Passenger_259,male,32,4,2,T259,112.8912639337177,nan,S
260,0,1,Passenger_260,male,71,1,0,T260,84.49328428214795,E,C
261,1,2,Passenger_261,male,65,3,3,T261,193.20626424236684,nan,S
262,0,2,Passenger_262,female,59,0,3,T262,125.01132761618797,C,S
263,1,3,Passenger_263,male,78,2,0,T263,195.2048903308341,B,C
264,0,2,Passenger_264,female,41,1,2,T264,98.30271706725098,T,S
265,1,1,Passenger_265,male,46,0,0,T265,16.500980118649586,F,S
266,1,3,Passenger_266,female,22,3,1,T266,75.12361613200547,T,S
267,1,3,Passenger_267,male,4,4,3,T267,167.066895080082,T,S
268,0,3,Passenger_268,male,12,1,3,T268,69.70789666286778,C,C
269,0,2,Passenger_269,male,23,3,1,T269,178.10950473044193,nan,S
270,0,1,Passenger_270,female,45,4,0,T270,11.362687561808428,T,Q
271,1,3,Passenger_271,female,39,1,3,T271,131.1811358365445,F,nan
272,0,3,Passenger_272,female,22,1,3,T272,25.842276852226455,B,nan
273,1,1,Passenger_273,male,50,3,2,T273,188.9987069516063,E,S
274,0,3,Passenger_274,male,37,1,2,T274,195.89895814693793,B,S
275,0,1,Passenger_275,female,7,3,1,T275,170.84786605491087,B,S
276,1,3,Passenger_276,male,47,2,0,T276,164.51432996730242,A,S
277,0,2,Passenger_277,male,48,2,0,T277,199.14840012551934,F,S
278,0,3,Passenger_278,male,21,4,1,T278,120.92129873037115,T,S
279,0,2,Passenger_279,female,49,0,0,T279,67.46730375753708,D,Q
280,0,3,Passenger_280,female,74,0,2,T280,199.0754066027203,A,S
281,1,3,Passenger_281,male,62,2,1,T281,71.66541846986411,nan,nan
282,0,3,Passenger_282,female,4,3,0,T282,159.14288107560714,nan,Q
283,0,2,Passenger_283,male,63,1,0,T283,16.155710504721572,T,S
284,0,3,Passenger_284,male,57,2,1,T284,145.32644260071322,A,C
285,0,2,Passenger_285,male,6,2,1,T285,56.208469656737336,A,S
286,1,3,Passenger_286,female,28,0,2,T286,82.26355388999826,E,Q
287,0,3,Passenger_287,female,6,4,2,T287,26.4000728640207,F,S
288,0,3,Passenger_288,male,38,4,2,T288,165.79377331400568,A,C
289,1,3,Passenger_289,female,15,3,3,T289,125.63967852259194,C,Q
290,0,1,Passenger_290,male,50,0,1,T290,29.610837243547056,E,S
291,1,3,Passenger_291,female,23,0,2,T291,152.72538962123247,T,S
292,1,1,Passenger_292,male,76,1,3,T292,56.69163475843858,D,S
293,1,2,Passenger_293,female,73,2,0,T293,88.34740319383155,D,S
294,0,2,Passenger_294,male,9,4,3,T294,169.33064345977866,B,S
295,1,3,Passenger_295,male,58,2,3,T295,51.14033293474207,G,S
296,1,2,Passenger_296,male,7,0,3,T296,157.0068580702613,G,S
297,1,3,Passenger_297,female,39,1,0,T297,139.4244052121078,F,nan
298,0,3,Passenger_298,female,3,4,2,T298,134.66557684715866,T,Q
299,1,3,Passenger_299,female,59,2,2,T299,45.41946529248347,B,S
300,0,1,Passenger_300,male,52,0,0,T300,102.74820867740704,nan,nan
301,0,3,Passenger_301,female,20,3,3,T301,166.3499520418075,D,S
302,1,3,Passenger_302,female,28,1,3,T302,60.92578069489048,F,S
303,0,1,Passenger_303,female,31,0,2,T303,24.50808571961597,T,C
304,0,3,Passenger_304,female,38,1,3,T304,169.90507968586545,nan,S
305,1,2,Passenger_305,male,58,0,1,T305,93.1091857371295,G,S
306,0,3,Passenger_306,female,60,2,2,T306,86.01468862911192,A,C
307,0,1,Passenger_307,male,74,4,1,T307,177.25553389032606,nan,S
308,1,3,Passenger_308,female,51,2,2,T308,97.41009144644507,F,S
309,0,2,Passenger_309,male,4,1,1,T309,104.63157457498423,B,S
310,1,3,Passenger_310,female,53,0,1,T310,159.66553062247095,C,Q
311,1,1,Passenger_311,male,68,1,3,T311,87.91392376117308,D,S
312,0,1,Passenger_312,female,14,0,0,T312,62.20808698665423,C,S
313,1,1,Passenger_313,male,39,4,1,T313,55.59810335951172,A,S
314,1,3,Passenger_314,female,71,3,0,T314,117.25754338507029,C,S
315,1,2,Passenger_315,male,35,1,1,T315,40.295231847343096,A,S
316,0,2,Passenger_316,female,23,3,2,T316,50.82309019857173,nan,S
317,0,3,Passenger_317,female,43,2,2,T317,17.120329439054505,F,nan
318,0,3,Passenger_318,male,43,2,1,T318,27.26627515586987,B,S
319,0,1,Passenger_319,male,8,4,1,T319,142.1885250510026,T,S
320,0,2,Passenger_320,female,76,3,1,T320,113.41098822803035,D,Q
321,0,3,Passenger_321,male,27,3,1,T321,157.46522752155957,G,S
322,0,1,Passenger_322,male,58,0,1,T322,136.40492199533585,C,nan
323,0,1,Passenger_323,male,56,1,2,T323,74.15961598476768,F,Q
324,1,2,Passenger_324,male,17,0,0,T324,34.5180617648885,A,C
325,1,1,Passenger_325,male,6,2,1,T325,194.96281639775722,C,nan
326,1,3,Passenger_326,female,46,4,1,T326,177.01815922643908,nan,S
327,0,3,Passenger_327,male,32,3,0,T327,184.83193352562404,A,S
328,0,3,Passenger_328,female,49,3,0,T328,181.88660114497165,E,S
329,0,2,Passenger_329,female,6,4,3,T329,166.47672494401306,D,Q
330,0,2,Passenger_330,male,31,4,1,T330,74.94710970596378,G,S
331,0,3,Passenger_331,male,37,4,1,T331,73.23802143016005,C,C
332,1,1,Passenger_332,female,45,0,0,T332,35.9215048776169,C,S
333,0,3,Passenger_333,female,48,0,3,T333,166.86975210279226,E,S
334,1,3,Passenger_334,female,52,2,2,T334,177.74330288763684,E,nan
335,0,3,Passenger_335,female,51,1,1,T335,102.21089596498499,B,S
336,1,2,Passenger_336,female,70,4,1,T336,68.8408751217969,T,S
337,1,2,Passenger_337,female,5,0,0,T337,107.54165768374708,T,C
338,1,1,Passenger_338,female,34,1,3,T338,96.80575760027519,B,nan
339,1,2,Passenger_339,male,64,0,2,T339,123.44319672669093,E,S
340,1,3,Passenger_340,male,65,3,0,T340,147.44985533258722,D,Q
341,0,3,Passenger_341,female,24,1,1,T341,111.50727979232029,B,S
342,1,2,Passenger_342,male,67,0,3,T342,116.8426740302112,F,Q
343,0,2,Passenger_343,male,55,4,3,T343,85.74120852550278,A,S
344,0,1,Passenger_344,female,12,0,1,T344,198.67682784761283,D,C
345,1,2,Passenger_345,male,20,0,0,T345,48.36695951914973,A,S
346,1,2,Passenger_346,male,58,2,2,T346,113.78585496370476,nan,S
347,1,1,Passenger_347,male,68,1,2,T347,67.54833882965669,C,S
348,0,2,Passenger_348,female,47,1,1,T348,73.31376556081831,T,C
349,1,2,Passenger_349,male,59,2,3,T349,32.008143907514125,D,S
350,1,1,Passenger_350,male,54,2,1,T350,31.346990959938537,B,S
351,1,2,Passenger_351,female,29,4,3,T351,92.79309838717022,B,C
352,1,2,Passenger_352,female,8,2,0,T352,75.30678569799562,C,S
353,1,3,Passenger_353,female,18,1,2,T353,22.74170487520201,D,S
354,1,3,Passenger_354,female,59,3,0,T354,125.75335597296915,F,C
355,0,1,Passenger_355,male,24,3,3,T355,103.95350441595569,nan,S
356,0,2,Passenger_356,female,21,4,1,T356,141.63661294735215,D,S
357,0,2,Passenger_357,female,50,1,2,T357,36.41676918270624,nan,S
358,0,2,Passenger_358,male,20,2,0,T358,69.37873191234208,E,S
359,1,3,Passenger_359,female,55,4,1,T359,80.91060289029627,E,C
360,0,2,Passenger_360,male,68,2,2,T360,23.407146892202285,D,nan
361,1,3,Passenger_361,male,28,1,3,T361,177.78100554296196,A,C
362,0,3,Passenger_362,male,23,3,2,T362,140.27362713037726,D,S
363,1,2,Passenger_363,male,7,1,1,T363,70.39009390895612,B,S
364,1,3,Passenger_364,female,58,1,2,T364,66.73507621120564,C,C
365,0,3,Passenger_365,female,71,3,3,T365,180.00794515558982,D,S
366,1,2,Passenger_366,female,36,0,2,T366,191.04970146334537,C,S
367,1,2,Passenger_367,female,53,2,1,T367,14.448639095083681,B,S
368,1,1,Passenger_368,male,54,0,3,T368,186.54655312619596,A,C
369,1,2,Passenger_369,male,24,1,1,T369,127.85639915938862,A,S
370,0,1,Passenger_370,female,28,2,2,T370,74.86033436525761,D,Q
371,0,3,Passenger_371,female,13,1,3,T371,43.83494385467317,T,S
372,1,1,Passenger_372,male,2,2,0,T372,182.71291581860467,G,S
373,0,1,Passenger_373,male,43,2,3,T373,177.83357348696146,C,S
374,0,1,Passenger_374,male,7,1,3,T374,164.2626807792681,E,S
375,1,1,Passenger_375,female,4,4,0,T375,114.35099640625872,B,S
376,0,3,Passenger_376,female,30,0,3,T376,78.11068878236924,E,C
377,1,2,Passenger_377,female,77,3,1,T377,166.80585898608362,B,S
378,0,3,Passenger_378,male,57,2,0,T378,14.73533498031797,G,S
379,0,2,Passenger_379,female,47,1,2,T379,119.06290717677273,E,Q
380,0,3,Passenger_380,female,64,2,1,T380,175.01740719597979,C,Q
381,0,2,Passenger_381,female,57,1,2,T381,10.752798910895024,nan,S
382,1,3,Passenger_382,female,56,3,3,T382,83.16938931440245,E,S
383,0,3,Passenger_383,male,26,1,0,T383,143.59142527990565,nan,S
384,1,1,Passenger_384,female,46,0,1,T384,14.696655064705233,D,S
385,0,3,Passenger_385,female,34,4,1,T385,15.74586202296277,B,S
386,1,3,Passenger_386,female,12,4,3,T386,26.615509067770795,F,S
387,0,3,Passenger_387,female,36,3,3,T387,132.87905943211314,A,S
388,1,2,Passenger_388,male,28,1,1,T388,169.06122147279174,A,S
389,1,2,Passenger_389,male,8,3,2,T389,108.63066981485558,nan,S
390,0,3,Passenger_390,male,79,4,3,T390,129.20184322891495,nan,Q
391,0,3,Passenger_391,male,44,4,0,T391,65.59891081536009,nan,C
392,0,3,Passenger_392,female,38,4,3,T392,64.17147623627142,C,nan
393,0,3,Passenger_393,female,78,1,1,T393,15.762483654002002,F,S
394,1,3,Passenger_394,male,69,0,1,T394,12.091234066473767,G,S
395,0,3,Passenger_395,female,15,1,0,T395,158.05118988420244,D,S
396,1,3,Passenger_396,male,24,1,0,T396,54.29181660581817,G,S
397,1,2,Passenger_397,male,50,0,3,T397,79.83722017527919,B,S
398,0,1,Passenger_398,female,10,1,2,T398,115.56908829773958,D,S
399,1,3,Passenger_399,female,31,3,1,T399,67.16622255099838,A,S
400,0,1,Passenger_400,female,12,2,1,T400,81.69985870561834,G,S
401,0,3,Passenger_401,female,32,2,2,T401,15.200047518316284,G,nan
402,1,2,Passenger_402,female,11,1,1,T402,172.12804905751938,E,C
403,1,2,Passenger_403,female,49,2,3,T403,108.27564275253157,G,C
404,0,1,Passenger_404,male,4,0,1,T404,115.15178536235857,C,nan
405,1,1,Passenger_405,female,49,4,0,T405,139.3755649590813,D,S
406,0,1,Passenger_406,female,14,3,1,T406,164.0904322878392,T,S
407,0,1,Passenger_407,female,71,0,2,T407,174.2799910003513,nan,S
408,1,2,Passenger_408,female,50,4,0,T408,99.76411104554218,B,S
409,0,3,Passenger_409,male,54,4,3,T409,131.97785099146404,C,S
410,0,2,Passenger_410,female,5,2,0,T410,163.20930342154867,B,Q
411,1,2,Passenger_411,male,46,1,2,T411,68.03443626172472,E,C
412,0,3,Passenger_412,female,8,3,3,T412,100.37971040337769,G,S
413,1,3,Passenger_413,male,24,3,0,T413,176.4969450037012,C,nan
414,0,1,Passenger_414,male,21,1,1,T414,153.0816946101502,D,Q
415,0,3,Passenger_415,female,68,4,1,T415,113.61059964943225,D,S
416,1,3,Passenger_416,male,68,0,3,T416,137.26617924845092,B,S
417,1,1,Passenger_417,male,76,0,2,T417,60.245941891272295,D,S
418,0,1,Passenger_418,male,61,1,1,T418,135.28349443567603,B,S
419,1,1,Passenger_419,female,10,2,2,T419,58.436631785274564,C,S
420,0,3,Passenger_420,female,9,4,1,T420,58.51105450323488,T,S
421,0,3,Passenger_421,male,22,4,3,T421,20.939912922331956,B,C
422,0,2,Passenger_422,male,26,4,2,T422,97.43287786213975,A,C
423,0,3,Passenger_423,male,75,1,1,T423,15.778773366655047,E,S
424,0,3,Passenger_424,male,34,1,0,T424,75.99010776795767,A,C
425,1,3,Passenger_425,female,46,4,0,T425,18.620975243573746,C,nan
426,1,3,Passenger_426,female,45,4,3,T426,33.66380312056006,C,S
427,0,2,Passenger_427,male,6,0,0,T427,146.7729122031726,nan,nan
428,0,3,Passenger_428,male,39,1,3,T428,149.81199156627946,B,Q
429,0,3,Passenger_429,male,44,1,1,T429,149.3955077151306,B,S
430,1,3,Passenger_430,male,21,2,3,T430,21.51007880109401,A,Q
431,1,3,Passenger_431,female,24,1,1,T431,179.92513430948154,E,S
432,1,2,Passenger_432,male,18,1,3,T432,65.2847796442343,C,nan
433,1,1,Passenger_433,male,18,2,0,T433,162.15870446685096,B,nan
434,1,2,Passenger_434,male,25,0,1,T434,45.466387552636995,G,S
435,0,3,Passenger_435,female,79,2,1,T435,195.28349046412458,T,C
436,1,3,Passenger_436,male,65,2,0,T436,181.1779467719063,G,Q
437,1,2,Passenger_437,female,14,1,3,T437,147.77940505627353,E,nan
438,1,1,Passenger_438,female,78,0,1,T438,61.471239835545404,D,S
439,0,1,Passenger_439,female,61,3,0,T439,24.700756723787947,T,S
440,0,2,Passenger_440,male,13,0,2,T440,161.63291208834943,E,S
441,0,3,Passenger_441,male,71,4,0,T441,69.8161210579794,D,nan
442,1,1,Passenger_442,female,27,3,0,T442,62.1381626134071,C,S
443,0,3,Passenger_443,male,11,3,3,T443,191.99030128548887,G,S
444,1,3,Passenger_444,female,58,4,3,T444,15.32299842157968,G,C
445,1,2,Passenger_445,female,6,4,0,T445,84.81511761421667,D,S
446,1,3,Passenger_446,male,15,1,3,T446,160.63353658044056,F,nan
447,1,3,Passenger_447,female,71,3,0,T447,148.36416636686258,T,C
448,1,2,Passenger_448,male,55,4,0,T448,68.86916726721829,nan,Q
449,0,3,Passenger_449,female,73,3,2,T449,44.81430285251589,nan,Q
450,1,2,Passenger_450,female,45,1,0,T450,197.56007317153458,T,S
451,0,2,Passenger_451,male,52,3,0,T451,21.413116993058757,E,S
452,0,3,Passenger_452,female,58,3,1,T452,197.42008973477985,T,S
453,1,2,Passenger_453,female,5,1,2,T453,187.30453138983128,G,nan
454,1,3,Passenger_454,female,47,2,0,T454,157.14287125742547,E,S
455,0,3,Passenger_455,male,47,0,0,T455,160.81524481674037,F,S
456,1,1,Passenger_456,female,40,1,2,T456,166.35812830918482,E,S
457,1,3,Passenger_457,female,52,0,3,T457,45.55464164765959,C,S
458,0,3,Passenger_458,male,38,4,0,T458,19.58324119783715,A,S
459,0,1,Passenger_459,male,35,3,3,T459,62.66382872899243,E,S
460,0,2,Passenger_460,female,38,3,1,T460,59.04965690228126,nan,S
461,0,2,Passenger_461,male,26,4,1,T461,45.55932075439565,A,S
462,0,3,Passenger_462,female,75,1,1,T462,194.70496860717452,T,Q
463,0,2,Passenger_463,female,42,0,0,T463,147.49477629635007,nan,nan
464,1,3,Passenger_464,male,59,2,0,T464,15.518265025111045,T,S
465,0,2,Passenger_465,female,66,1,1,T465,35.15204815510699,D,nan
466,1,2,Passenger_466,male,2,2,3,T466,25.897642927801318,B,C
467,1,2,Passenger_467,male,29,1,0,T467,175.92802340649303,T,S
468,1,2,Passenger_468,male,24,1,1,T468,172.51719232582232,T,S
469,1,2,Passenger_469,female,41,4,3,T469,146.3614066346662,F,Q
470,0,3,Passenger_470,male,66,4,3,T470,182.92421839146223,G,Q
471,0,3,Passenger_471,female,14,1,2,T471,74.38729639207655,B,S
472,0,3,Passenger_472,female,38,2,3,T472,114.56436555134583,G,S
473,1,3,Passenger_473,female,65,3,2,T473,120.09379598950518,T,S
474,1,2,Passenger_474,male,59,2,3,T474,124.79704036456859,D,S
475,0,1,Passenger_475,female,8,4,3,T475,180.1393015130494,F,C
476,0,3,Passenger_476,female,53,3,2,T476,24.155703738127862,C,S
477,0,3,Passenger_477,female,37,4,1,T477,122.69270563180649,B,C
478,1,2,Passenger_478,male,23,4,2,T478,14.380526988746386,G,S
479,0,3,Passenger_479,female,11,0,3,T479,109.76080744378109,E,C
480,1,3,Passenger_480,female,40,4,2,T480,157.35467509715698,F,S
481,0,3,Passenger_481,male,5,1,3,T481,144.64498951061998,T,S
482,0,2,Passenger_482,female,18,2,2,T482,153.60635195205103,A,nan
483,1,2,Passenger_483,female,37,3,0,T483,195.65453657758323,nan,C
484,0,3,Passenger_484,male,50,0,2,T484,21.5723654810054,nan,S
485,0,2,Passenger_485,male,19,2,0,T485,19.89946501203454,B,S
486,0,2,Passenger_486,male,16,2,1,T486,190.32404914119758,F,C
487,0,1,Passenger_487,female,47,3,3,T487,99.18865546018944,A,S
488,1,1,Passenger_488,male,12,1,3,T488,148.79905629233508,A,S
489,1,2,Passenger_489,male,78,2,2,T489,133.78955798059712,B,S
490,0,2,Passenger_490,male,60,2,3,T490,27.48383193582028,G,S
491,1,1,Passenger_491,male,20,1,0,T491,24.457409304899546,B,S
492,0,3,Passenger_492,male,77,2,1,T492,45.07575496176676,T,S
493,1,3,Passenger_493,female,45,4,1,T493,105.22581323533365,D,nan
494,0,3,Passenger_494,female,4,0,0,T494,85.34205784642663,B,S
495,0,3,Passenger_495,female,55,1,2,T495,136.36975012037675,T,S
496,0,3,Passenger_496,male,68,2,2,T496,73.858519012941,F,Q
497,1,2,Passenger_497,male,18,3,2,T497,21.700726124566252,T,nan
498,0,1,Passenger_498,male,41,4,3,T498,54.30971157884754,A,S
499,0,1,Passenger_499,female,33,1,1,T499,162.05916075784248,nan,C
500,1,1,Passenger_500,male,49,2,3,T500,25.148807091566688,nan,S
501,1,2,Passenger_501,male,61,2,1,T501,16.776045372621308,nan,S
502,0,3,Passenger_502,female,1,3,3,T502,94.02763111797866,D,S
503,0,3,Passenger_503,female,48,2,3,T503,88.77579056195069,A,S
504,1,3,Passenger_504,female,2,0,1,T504,67.6616660404743,B,nan
505,0,2,Passenger_505,female,55,0,1,T505,36.3303054739998,G,S
506,1,2,Passenger_506,male,21,0,2,T506,63.80252259496851,nan,S
507,0,3,Passenger_507,male,73,0,1,T507,25.32795068259304,E,nan
508,0,3,Passenger_508,female,46,4,0,T508,25.06126868207108,E,S
509,0,1,Passenger_509,male,67,3,2,T509,55.27755320759643,F,S
510,0,3,Passenger_510,female,8,3,1,T510,100.98481378800867,A,S
511,0,1,Passenger_511,male,34,3,1,T511,103.61444336655168,D,S
512,0,3,Passenger_512,female,16,1,2,T512,53.871102529155266,B,S
513,1,1,Passenger_513,male,65,0,2,T513,174.43243778585529,E,S
514,1,3,Passenger_514,female,71,0,3,T514,183.5768064809429,G,S
515,1,3,Passenger_515,female,59,1,3,T515,128.9494746907876,D,Q
516,0,3,Passenger_516,male,52,0,3,T516,41.961598028183644,B,S
517,0,3,Passenger_517,male,25,4,1,T517,129.88147671633817,E,C
518,1,3,Passenger_518,male,52,3,3,T518,16.61777525871741,E,C
519,0,2,Passenger_519,female,55,1,2,T519,42.30714818966526,G,Q
520,0,2,Passenger_520,female,33,0,2,T520,86.19672400742992,B,Q
521,0,3,Passenger_521,female,2,3,1,T521,11.998319163116799,G,C
522,1,3,Passenger_522,male,12,3,0,T522,68.38381863162338,D,S
523,0,3,Passenger_523,female,54,1,0,T523,97.75551103638429,nan,nan
524,0,1,Passenger_524,female,61,4,3,T524,198.19318901989521,T,nan
525,0,3,Passenger_525,female,43,4,2,T525,47.02247893600913,E,C
526,0,2,Passenger_526,male,72,3,3,T526,49.39946705969698,B,Q
527,1,3,Passenger_527,male,54,0,1,T527,59.9622038694501,A,C
528,1,2,Passenger_528,male,51,1,1,T528,176.45550113079483,C,S
529,1,2,Passenger_529,female,40,3,0,T529,103.11366915346417,T,S
530,0,2,Passenger_530,female,63,4,2,T530,144.33312027884557,B,S
531,0,3,Passenger_531,male,65,1,2,T531,77.87612475743155,G,Q
532,0,3,Passenger_532,male,14,0,1,T532,69.93984810916348,A,S
533,0,1,Passenger_533,male,77,0,3,T533,64.61491403832159,A,S
534,0,3,Passenger_534,male,54,2,1,T534,41.96919654539789,D,S
535,0,3,Passenger_535,female,27,4,2,T535,135.81597183021228,G,S
536,0,2,Passenger_536,female,8,1,0,T536,154.70397443283946,F,S
537,0,2,Passenger_537,male,14,1,1,T537,158.73641013941722,nan,S
538,0,1,Passenger_538,male,5,1,1,T538,146.47138761627318,T,Q
539,1,2,Passenger_539,female,76,0,0,T539,182.3582563391292,T,C
540,0,1,Passenger_540,male,4,2,2,T540,196.09647634261776,A,S
541,1,3,Passenger_541,male,26,3,3,T541,69.43247426193355,B,S
542,0,3,Passenger_542,male,11,1,1,T542,56.22430049608729,G,S
543,1,2,Passenger_543,male,66,3,3,T543,161.0962723744765,nan,C
544,0,2,Passenger_544,female,42,1,0,T544,184.65341872541495,D,S
545,1,2,Passenger_545,female,78,0,2,T545,196.877506288399,D,S
546,0,3,Passenger_546,female,8,1,2,T546,181.11665683829997,A,S
547,0,3,Passenger_547,female,52,0,3,T547,69.76316768787308,G,S
548,1,3,Passenger_548,male,52,0,0,T548,32.97250585306552,T,Q
549,0,1,Passenger_549,male,12,4,2,T549,158.80765866987167,B,S
550,1,2,Passenger_550,female,14,1,3,T550,137.20644887856187,E,S
551,1,2,Passenger_551,male,18,2,0,T551,63.09906237833024,F,nan
552,1,2,Passenger_552,male,10,2,3,T552,34.39715986603376,nan,nan
553,0,2,Passenger_553,female,8,1,3,T553,151.24026228594855,A,S
554,0,1,Passenger_554,female,27,1,2,T554,116.97969541720971,C,S
555,1,1,Passenger_555,male,2,0,2,T555,18.62435502572196,T,C
556,0,3,Passenger_556,male,51,0,2,T556,25.011795710330162,C,C
557,1,1,Passenger_557,male,41,4,2,T557,39.02117330820687,C,S
558,0,3,Passenger_558,male,57,3,2,T558,32.56907865053469,T,S
559,1,2,Passenger_559,male,26,3,3,T559,11.367246006938498,D,C
560,1,1,Passenger_560,female,46,4,1,T560,62.96944824675212,B,nan
561,0,2,Passenger_561,female,62,0,0,T561,167.22797149423695,nan,S
562,1,1,Passenger_562,male,12,4,2,T562,147.99830229487188,C,S
563,0,1,Passenger_563,female,50,4,1,T563,181.11030562630148,C,C
564,0,2,Passenger_564,female,39,2,1,T564,116.95637370455616,E,Q
565,0,1,Passenger_565,male,24,1,3,T565,47.050670818515364,D,C
566,1,2,Passenger_566,male,44,4,3,T566,27.84657386813264,T,C
567,1,3,Passenger_567,female,13,0,0,T567,189.71124589256985,E,S
568,0,3,Passenger_568,female,4,4,0,T568,127.59272529924263,G,S
569,0,2,Passenger_569,female,63,1,0,T569,130.95309681227928,F,S
570,0,3,Passenger_570,male,13,4,2,T570,27.01502812173941,E,S
571,0,3,Passenger_571,male,75,1,2,T571,157.07054271469244,G,S
572,1,2,Passenger_572,female,62,2,2,T572,36.336647104229925,A,nan
573,0,3,Passenger_573,female,48,4,1,T573,35.776639073645214,E,S
574,0,1,Passenger_574,male,30,2,0,T574,166.10801615545608,B,S
575,0,1,Passenger_575,female,57,3,1,T575,193.2591945194655,F,C
576,0,3,Passenger_576,female,62,2,1,T576,10.481198117855794,C,S
577,0,2,Passenger_577,male,31,1,1,T577,94.71270971404343,D,S
578,0,3,Passenger_578,female,76,2,3,T578,159.81874170714707,B,C
579,0,3,Passenger_579,female,27,4,0,T579,158.21152985532683,E,S
580,0,2,Passenger_580,male,38,2,3,T580,50.30486104758218,B,S
581,0,2,Passenger_581,female,35,3,1,T581,52.7417792971147,F,S
582,0,2,Passenger_582,male,68,1,1,T582,73.63115295445974,E,S
583,0,3,Passenger_583,male,78,2,0,T583,105.72230473502074,F,Q
584,0,3,Passenger_584,male,4,4,0,T584,167.5668630323825,E,C
585,0,2,Passenger_585,male,16,1,1,T585,188.78048213092939,B,S
586,1,3,Passenger_586,female,13,0,0,T586,137.66896334870637,B,S
587,1,2,Passenger_587,male,32,4,3,T587,102.43159790564367,C,S
588,0,2,Passenger_588,male,40,2,0,T588,191.81266697212396,F,S
589,1,3,Passenger_589,male,15,3,0,T589,163.9622551106973,T,S
590,1,2,Passenger_590,female,9,2,3,T590,180.3102657261707,F,S
591,1,1,Passenger_591,female,18,2,1,T591,125.07338961030311,B,S
592,1,2,Passenger_592,male,71,1,0,T592,27.77728474663959,B,C
593,0,2,Passenger_593,female,71,1,0,T593,16.77609610044339,C,S
594,0,2,Passenger_594,female,74,3,1,T594,89.45324027874031,G,S
595,1,3,Passenger_595,male,51,0,1,T595,23.504434817013852,E,C
596,0,3,Passenger_596,female,77,3,3,T596,65.16593749325142,T,S
597,1,1,Passenger_597,female,53,4,3,T597,116.36910035008546,C,Q
598,1,3,Passenger_598,male,17,2,0,T598,88.2728580065078,E,S
599,1,3,Passenger_599,male,70,4,0,T599,197.16474103853352,B,nan
600,1,3,Passenger_600,female,44,0,0,T600,18.981084325513905,G,nan
601,0,2,Passenger_601,female,58,1,2,T601,169.33220934634113,F,S
602,0,3,Passenger_602,male,61,0,3,T602,117.2724494779541,G,S
603,0,2,Passenger_603,male,27,1,0,T603,148.6137452691803,G,nan
604,1,3,Passenger_604,female,25,0,0,T604,11.590119735961087,C,C
605,1,3,Passenger_605,female,14,4,2,T605,36.897202946431584,G,S
606,0,2,Passenger_606,male,67,0,1,T606,189.62698472930316,C,S
607,1,2,Passenger_607,female,19,1,3,T607,165.81744840177132,E,S
608,1,1,Passenger_608,male,22,4,3,T608,137.29244978348572,T,S
609,0,3,Passenger_609,male,29,0,0,T609,99.87385035497819,A,S
610,1,2,Passenger_610,male,24,4,1,T610,162.92131824064785,B,C
611,0,2,Passenger_611,male,1,2,2,T611,59.195361562010795,C,C
612,1,3,Passenger_612,female,44,0,0,T612,72.42765092683179,B,S
613,1,3,Passenger_613,male,28,0,2,T613,77.38980173337445,nan,S
614,0,3,Passenger_614,male,49,2,0,T614,111.01901594492415,F,C
615,1,3,Passenger_615,male,47,2,1,T615,117.52043525598171,G,C
616,1,3,Passenger_616,female,57,2,1,T616,46.1073451731723,C,C
617,1,2,Passenger_617,male,26,1,2,T617,30.67051433635442,B,S
618,1,3,Passenger_618,male,58,1,2,T618,89.94482020296793,C,S
619,1,3,Passenger_619,female,59,1,0,T619,41.73410305019554,T,C
620,0,1,Passenger_620,male,60,4,2,T620,184.73206976463322,A,S
621,0,3,Passenger_621,female,11,0,2,T621,104.8001892189379,F,S
622,0,3,Passenger_622,male,16,2,3,T622,46.77925311044951,B,C
623,0,2,Passenger_623,male,43,0,0,T623,64.93831562977041,G,C
624,1,1,Passenger_624,male,21,0,0,T624,149.18504874119836,E,S
625,0,3,Passenger_625,female,49,4,0,T625,140.9583723728165,T,C
626,0,2,Passenger_626,female,64,4,0,T626,50.90895278859338,D,S
627,1,3,Passenger_627,female,2,4,3,T627,47.89140732458802,D,S
628,0,3,Passenger_628,female,16,0,2,T628,122.82975391289877,D,S
629,0,2,Passenger_629,female,78,1,0,T629,149.84552152129038,C,Q
630,0,3,Passenger_630,male,45,0,2,T630,107.25110681305559,E,S
631,1,1,Passenger_631,male,51,4,0,T631,56.032992069554744,F,S
632,0,3,Passenger_632,male,56,0,3,T632,171.19543439135813,D,S
633,0,3,Passenger_633,male,9,2,1,T633,158.8716008908964,T,S
634,1,2,Passenger_634,male,23,4,2,T634,142.77181655444437,nan,S
635,1,3,Passenger_635,male,34,4,0,T635,109.58678817535261,B,S
636,0,2,Passenger_636,female,75,1,2,T636,98.98190567676278,A,S
637,0,1,Passenger_637,female,40,0,2,T637,147.6879392410608,D,C
638,0,2,Passenger_638,female,73,2,2,T638,165.45408708790052,C,C
639,1,3,Passenger_639,male,39,4,3,T639,68.4148803989793,nan,S
640,0,3,Passenger_640,female,17,0,0,T640,186.05208156486083,nan,C
641,1,3,Passenger_641,male,22,2,3,T641,67.58589984187444,C,S
642,0,3,Passenger_642,male,27,1,3,T642,72.379195817464,A,nan
643,0,1,Passenger_643,female,32,1,3,T643,110.19207298864715,nan,S
644,0,3,Passenger_644,female,12,2,1,T644,76.2863933217217,F,S
645,1,1,Passenger_645,female,27,2,3,T645,141.67865933212673,C,C
646,1,1,Passenger_646,female,69,2,3,T646,47.208843472481,G,nan
647,1,2,Passenger_647,male,46,2,2,T647,87.51641839703582,D,S
648,1,3,Passenger_648,male,41,1,1,T648,11.278290513820895,A,S
649,0,2,Passenger_649,female,3,1,2,T649,13.302393536845015,nan,nan
650,1,3,Passenger_650,male,61,0,0,T650,188.9982836758716,C,S
651,1,2,Passenger_651,female,20,0,3,T651,134.167622264282,T,S
652,0,3,Passenger_652,male,45,0,3,T652,49.38804465282293,B,Q
653,0,2,Passenger_653,female,33,2,3,T653,172.79087056965196,G,Q
654,1,2,Passenger_654,male,21,0,0,T654,178.8993511757091,A,S
655,0,1,Passenger_655,female,8,1,3,T655,172.0088416804035,T,S
656,0,3,Passenger_656,male,26,0,3,T656,41.24401327822835,A,S
657,0,3,Passenger_657,male,61,3,1,T657,92.58674239202423,nan,S
658,0,2,Passenger_658,female,37,3,1,T658,159.19335077870028,E,S
659,0,2,Passenger_659,female,23,1,0,T659,37.49650696993719,T,S
660,0,3,Passenger_660,male,69,3,0,T660,172.27566346295617,F,S
661,0,2,Passenger_661,male,62,4,3,T661,198.4822610260767,B,S
662,0,3,Passenger_662,female,71,0,0,T662,35.0116933722733,A,S
663,0,2,Passenger_663,male,19,4,1,T663,111.48896305317457,C,S
664,0,1,Passenger_664,female,46,0,0,T664,120.24989817169245,nan,S
665,0,3,Passenger_665,female,44,4,2,T665,181.78581570824824,C,nan
666,0,3,Passenger_666,male,54,0,1,T666,156.4846993890248,D,S
667,1,3,Passenger_667,male,17,0,1,T667,40.76367218442174,T,S
668,0,3,Passenger_668,female,38,1,0,T668,20.577067183395812,nan,S
669,0,3,Passenger_669,female,50,4,1,T669,78.23968254049898,G,S
670,0,2,Passenger_670,male,46,3,0,T670,180.00211754561084,A,S
671,0,2,Passenger_671,male,77,3,3,T671,56.90036435629146,nan,S
672,0,2,Passenger_672,male,62,3,1,T672,90.7674187028519,F,S
673,1,1,Passenger_673,male,66,2,2,T673,119.050342748082,F,S
674,0,2,Passenger_674,female,37,2,0,T674,136.00767032233682,F,S
675,0,2,Passenger_675,male,4,3,0,T675,77.42888519228262,G,Q
676,0,3,Passenger_676,male,72,1,2,T676,159.33510117534877,A,S
677,1,3,Passenger_677,female,18,2,0,T677,186.09875739339492,E,S
678,0,2,Passenger_678,male,1,2,1,T678,199.32469595373254,A,S
679,0,2,Passenger_679,male,17,3,3,T679,131.48064782936137,G,C
680,1,3,Passenger_680,male,4,3,1,T680,43.932160144743285,B,S
681,1,3,Passenger_681,male,3,3,3,T681,170.2411581280059,F,S
682,0,2,Passenger_682,male,60,4,1,T682,66.25573931033023,G,C
683,0,2,Passenger_683,male,43,2,1,T683,135.91403111931405,G,S
684,1,3,Passenger_684,male,69,3,2,T684,99.46020855681708,E,S
685,1,3,Passenger_685,male,51,0,0,T685,60.94230734945696,T,S
686,0,1,Passenger_686,male,36,1,1,T686,75.2376678500923,F,S
687,1,3,Passenger_687,female,8,4,3,T687,111.0714590842036,nan,Q
688,0,2,Passenger_688,female,73,1,1,T688,157.18768061113488,B,Q
689,0,3,Passenger_689,female,13,0,3,T689,13.82919884762742,nan,Q
690,1,3,Passenger_690,male,64,2,0,T690,10.870716317488416,G,S
691,1,1,Passenger_691,male,37,0,0,T691,62.62502822772251,G,Q
692,0,1,Passenger_692,female,53,4,3,T692,193.90670266602092,B,nan
693,1,2,Passenger_693,female,10,3,0,T693,46.08752923472036,D,S
694,0,3,Passenger_694,male,65,1,1,T694,91.81894976785416,A,S
695,0,2,Passenger_695,male,76,4,3,T695,140.97602028881593,D,S
696,0,2,Passenger_696,female,37,4,3,T696,34.96466712351825,G,C
697,1,3,Passenger_697,female,12,1,1,T697,137.65605854991338,F,S
698,0,1,Passenger_698,male,37,0,3,T698,49.2316425486497,E,S
699,0,2,Passenger_699,female,27,3,1,T699,72.27591762905976,C,C
700,0,2,Passenger_700,female,72,3,3,T700,87.06937243981758,D,S
701,1,3,Passenger_701,female,77,1,2,T701,134.0675673495651,E,S
702,0,2,Passenger_702,female,8,2,2,T702,154.59453768111223,A,S
703,0,2,Passenger_703,male,75,0,0,T703,20.60669282116988,F,S
704,1,2,Passenger_704,male,6,4,0,T704,94.11989479805922,E,Q
705,0,3,Passenger_705,female,52,4,3,T705,22.781668388900247,A,S
706,0,3,Passenger_706,male,23,3,0,T706,44.46801402701967,C,S
707,0,3,Passenger_707,male,38,3,1,T707,62.13476945631711,nan,Q
708,1,2,Passenger_708,female,60,2,3,T708,176.49063007811046,E,S
709,0,3,Passenger_709,male,33,4,3,T709,151.85304999788866,F,S
710,0,1,Passenger_710,male,10,3,0,T710,151.58598149602767,G,S
711,1,2,Passenger_711,female,79,3,0,T711,17.346811965591606,E,C
712,0,3,Passenger_712,female,43,4,2,T712,139.44036520056864,G,C
713,0,3,Passenger_713,male,74,0,2,T713,57.479757877399805,T,S
714,0,1,Passenger_714,male,22,0,1,T714,31.22080250170469,E,nan
715,1,1,Passenger_715,female,58,3,2,T715,25.185938107998744,B,S
716,1,2,Passenger_716,female,29,0,3,T716,68.4778791635303,E,C
717,0,1,Passenger_717,female,58,4,2,T717,103.19277353321006,A,Q
718,0,1,Passenger_718,male,11,1,2,T718,191.69933341282174,C,C
719,0,2,Passenger_719,female,69,3,0,T719,166.71536552373314,F,C
720,0,3,Passenger_720,female,2,4,0,T720,34.614859032190694,E,S
721,1,3,Passenger_721,female,14,3,2,T721,181.6449184550134,D,C
722,1,2,Passenger_722,female,74,2,3,T722,55.17700717310187,E,S
723,1,2,Passenger_723,male,9,0,3,T723,165.06589549915918,B,C
724,0,3,Passenger_724,female,25,4,0,T724,170.52512104066255,nan,C
725,0,3,Passenger_725,female,21,3,3,T725,180.03832656318264,G,S
726,0,3,Passenger_726,female,30,0,1,T726,110.93741791149651,C,S
727,0,1,Passenger_727,male,70,4,2,T727,75.81002858346602,nan,S
728,1,2,Passenger_728,female,49,1,1,T728,154.86128379184464,D,C
729,1,3,Passenger_729,female,50,2,3,T729,84.90874271881837,nan,C
730,0,2,Passenger_730,female,65,0,3,T730,46.15445267476868,C,S
731,0,3,Passenger_731,male,79,1,3,T731,157.14131735755367,D,S
732,0,3,Passenger_732,female,60,3,2,T732,66.5235070153827,T,S
733,1,2,Passenger_733,male,16,3,1,T733,73.52478042205718,nan,C
734,1,3,Passenger_734,female,47,2,2,T734,45.13752816839229,C,S
735,1,3,Passenger_735,female,33,3,3,T735,156.60278167792438,C,C
736,0,3,Passenger_736,female,63,4,2,T736,27.286271528229364,nan,C
737,0,1,Passenger_737,male,18,3,1,T737,170.75563926118556,E,S
738,0,1,Passenger_738,male,45,2,1,T738,20.935076504753177,B,S
739,0,2,Passenger_739,female,49,4,1,T739,72.36380426560522,A,S
740,1,3,Passenger_740,female,49,4,0,T740,19.277075307815537,F,S
741,0,3,Passenger_741,male,16,3,2,T741,35.583840629194924,nan,C
742,1,2,Passenger_742,male,49,0,1,T742,88.66383797260933,B,Q
743,1,1,Passenger_743,female,57,3,2,T743,110.70344574719599,T,S
744,1,3,Passenger_744,female,9,0,2,T744,162.58205674240145,B,S
745,1,1,Passenger_745,male,41,1,0,T745,100.18252451239896,nan,S
746,0,2,Passenger_746,female,62,2,1,T746,121.91626104794868,nan,S
747,0,2,Passenger_747,female,52,3,1,T747,126.82689123802045,E,nan
748,1,2,Passenger_748,female,35,3,2,T748,68.9897220811014,T,S
749,1,3,Passenger_749,male,48,1,3,T749,77.56281311811681,E,C
750,0,2,Passenger_750,male,46,3,3,T750,45.58727748570247,E,nan
751,1,3,Passenger_751,male,40,3,3,T751,139.41683866146846,B,S
752,1,3,Passenger_752,female,69,1,2,T752,61.457188609390776,T,S
753,1,2,Passenger_753,female,14,3,0,T753,150.0714606450513,B,S
754,1,2,Passenger_754,female,13,3,1,T754,128.73174702963618,E,S
755,1,1,Passenger_755,male,3,3,2,T755,79.31298106295817,A,S
756,0,3,Passenger_756,male,61,0,2,T756,92.9499318934448,D,C
757,0,2,Passenger_757,male,40,2,0,T757,162.65234801296276,nan,S
758,1,1,Passenger_758,female,34,0,3,T758,161.02407854320367,T,S
759,1,3,Passenger_759,female,71,2,0,T759,93.54495323758506,nan,nan
760,0,3,Passenger_760,female,56,3,0,T760,90.85825131645188,D,C
761,0,3,Passenger_761,male,14,0,0,T761,18.22799890342887,T,C
762,0,3,Passenger_762,female,5,3,0,T762,123.6051246769022,E,S
763,0,3,Passenger_763,female,36,4,0,T763,145.41535345977195,G,S
764,1,2,Passenger_764,male,49,3,3,T764,46.37443907491918,T,nan
765,1,3,Passenger_765,male,35,2,2,T765,144.8724517016981,B,S
766,0,2,Passenger_766,male,6,2,3,T766,89.280699021922,C,S
767,0,3,Passenger_767,male,8,0,0,T767,51.56187939160607,D,S
768,0,3,Passenger_768,female,17,1,0,T768,142.4267941342665,T,C
769,0,1,Passenger_769,female,57,2,0,T769,19.447971191930044,G,C
770,1,2,Passenger_770,male,58,2,0,T770,158.01438345238518,F,S
771,1,3,Passenger_771,female,24,3,2,T771,113.33589039157866,F,S
772,1,1,Passenger_772,female,13,3,2,T772,43.625524755225264,C,S
773,0,3,Passenger_773,male,69,4,3,T773,141.1162830528914,C,C
774,1,2,Passenger_774,male,51,3,1,T774,27.61226816803475,E,C
775,0,1,Passenger_775,male,24,3,1,T775,44.94896650883584,D,C
776,0,3,Passenger_776,male,37,4,2,T776,165.64775299075615,E,S
777,1,2,Passenger_777,male,14,4,1,T777,18.46549213321063,E,S
778,0,2,Passenger_778,female,40,3,2,T778,31.844099103539893,D,Q
779,0,3,Passenger_779,male,1,2,2,T779,157.31075894978974,F,S
780,0,3,Passenger_780,male,32,4,2,T780,49.33491306677026,E,S
781,0,3,Passenger_781,male,26,2,1,T781,19.03645433575062,G,nan
782,0,3,Passenger_782,female,54,2,0,T782,128.79689009689287,E,S
783,1,2,Passenger_783,male,75,2,3,T783,146.31829776337193,T,S
784,0,1,Passenger_784,female,69,0,1,T784,137.92266053467847,D,C
785,1,3,Passenger_785,female,38,2,0,T785,99.80841850974332,nan,S
786,0,3,Passenger_786,female,56,1,3,T786,85.93756075628775,C,C
787,1,3,Passenger_787,female,20,4,1,T787,129.4343533043542,A,S
788,1,2,Passenger_788,male,71,1,3,T788,44.162357768808384,D,S
789,1,3,Passenger_789,male,58,4,1,T789,37.15480026268136,D,nan
790,0,3,Passenger_790,male,34,0,3,T790,17.30701111219862,E,S
791,1,1,Passenger_791,male,78,0,0,T791,57.26803944944601,A,S
792,0,1,Passenger_792,male,52,3,3,T792,36.33171325155016,T,Q
793,1,2,Passenger_793,female,44,4,3,T793,76.76162894711717,G,C
794,0,3,Passenger_794,female,56,1,1,T794,24.070292961696346,C,S
795,1,2,Passenger_795,female,49,1,0,T795,67.12976747352593,nan,S
796,0,3,Passenger_796,male,18,2,3,T796,111.41595421264182,A,S
797,1,1,Passenger_797,female,32,0,3,T797,27.227421388584865,D,Q
798,0,2,Passenger_798,female,35,2,0,T798,149.09491049636767,E,S
799,0,1,Passenger_799,male,40,2,3,T799,36.34781342993412,T,S
800,1,3,Passenger_800,male,29,0,3,T800,160.03341703777437,C,S
801,0,1,Passenger_801,male,11,0,3,T801,160.4399455626949,C,C
802,1,3,Passenger_802,male,79,3,2,T802,92.41337589692479,D,C
803,1,3,Passenger_803,male,62,1,3,T803,141.84217130862,F,nan
804,0,2,Passenger_804,female,79,3,3,T804,163.8227689336551,E,C
805,1,2,Passenger_805,female,11,0,2,T805,118.50286954364344,D,C
806,0,2,Passenger_806,female,57,4,0,T806,36.60775578266171,B,C
807,0,1,Passenger_807,female,56,3,3,T807,71.27482360613706,A,nan
808,0,2,Passenger_808,male,54,4,0,T808,113.07864870493161,nan,Q
809,0,1,Passenger_809,male,52,4,3,T809,133.52023855519414,G,S
810,1,3,Passenger_810,male,3,4,3,T810,152.06549166054066,B,C
811,0,2,Passenger_811,female,60,0,3,T811,31.068512168644467,F,S
812,0,1,Passenger_812,female,25,1,3,T812,196.47558617383248,T,C
813,0,2,Passenger_813,female,45,3,2,T813,197.6559374727937,C,Q
814,0,3,Passenger_814,male,50,3,1,T814,105.47344511738281,nan,Q
815,1,2,Passenger_815,female,42,4,3,T815,159.03344378696357,E,Q
816,0,3,Passenger_816,female,79,2,3,T816,190.41818793799237,D,S
817,0,3,Passenger_817,male,30,2,3,T817,103.74010380535945,B,Q
818,0,2,Passenger_818,female,15,4,3,T818,193.8772622140428,A,S
819,0,2,Passenger_819,male,44,2,1,T819,59.21851085625645,D,S
820,1,1,Passenger_820,male,33,2,3,T820,193.53886608328742,F,Q
821,1,1,Passenger_821,female,48,3,1,T821,43.827087120116616,A,S
822,1,2,Passenger_822,male,20,0,2,T822,113.58900635067621,B,S
823,0,3,Passenger_823,female,61,0,0,T823,175.84829284454753,F,C
824,0,2,Passenger_824,male,1,0,1,T824,114.46179155665895,nan,nan
825,0,3,Passenger_825,male,7,1,1,T825,104.23021031381094,C,Q
826,0,2,Passenger_826,male,42,1,2,T826,127.64624032928414,F,S
827,1,3,Passenger_827,female,10,0,0,T827,132.07169650911442,D,S
828,0,3,Passenger_828,female,25,3,1,T828,109.18294271656309,F,S
829,0,1,Passenger_829,female,11,1,2,T829,160.75832931951683,B,S
830,0,3,Passenger_830,male,43,0,1,T830,128.36048450050384,C,S
831,0,3,Passenger_831,male,41,3,2,T831,149.81795101120454,C,S
832,0,3,Passenger_832,male,51,4,0,T832,151.78336437624404,F,S
833,0,3,Passenger_833,male,31,4,3,T833,107.39848380296274,T,S
834,0,3,Passenger_834,female,70,0,3,T834,97.25836299799495,F,C
835,0,3,Passenger_835,female,70,0,1,T835,149.69859509465354,nan,C
836,0,3,Passenger_836,male,21,3,1,T836,115.27686414955387,A,nan
837,0,3,Passenger_837,male,31,4,1,T837,27.602916424498797,T,C
838,1,3,Passenger_838,female,43,0,3,T838,144.04350488850338,F,S
839,0,1,Passenger_839,female,58,3,0,T839,78.54388811943612,nan,S
840,0,3,Passenger_840,female,38,4,2,T840,41.07911087571532,B,C
841,0,3,Passenger_841,male,12,1,0,T841,177.78516992563868,C,S
842,0,3,Passenger_842,male,44,2,1,T842,27.035168289191486,nan,Q
843,1,2,Passenger_843,male,11,3,1,T843,21.161661166353547,G,S
844,1,3,Passenger_844,male,70,4,2,T844,176.62200992758937,A,S
845,0,2,Passenger_845,female,78,2,1,T845,17.519340764415936,A,S
846,1,2,Passenger_846,male,30,1,1,T846,197.6604719662181,D,nan
847,1,2,Passenger_847,male,56,4,1,T847,178.71056626960004,G,S
848,1,2,Passenger_848,male,15,2,2,T848,97.46719739143069,A,S
849,0,3,Passenger_849,male,77,4,2,T849,75.73044369734022,D,S
850,1,3,Passenger_850,female,62,4,2,T850,63.64016230328808,T,S
851,1,1,Passenger_851,male,68,0,1,T851,25.77227197675969,D,S
852,0,3,Passenger_852,male,12,2,2,T852,155.40093371401636,A,S
853,0,3,Passenger_853,male,47,2,0,T853,27.258588515822932,D,nan
854,0,3,Passenger_854,male,62,0,1,T854,20.227396675694454,B,S
855,1,1,Passenger_855,male,69,2,0,T855,75.79543974966067,F,S
856,0,3,Passenger_856,female,20,3,1,T856,108.28681366080276,D,S
857,1,1,Passenger_857,female,48,3,2,T857,34.74078544153515,E,S
858,1,3,Passenger_858,male,61,4,1,T858,73.4315803271985,C,S
859,1,3,Passenger_859,female,29,0,2,T859,164.36865262167993,T,C
860,0,1,Passenger_860,female,39,2,0,T860,173.4021965406092,E,S
861,1,3,Passenger_861,female,38,1,3,T861,149.40465485343,E,C
862,0,3,Passenger_862,male,73,0,0,T862,38.99721854712074,G,S
863,1,1,Passenger_863,male,49,2,0,T863,86.66431658472996,F,S
864,0,2,Passenger_864,male,56,3,1,T864,116.86808054651465,nan,C
865,0,1,Passenger_865,male,61,1,2,T865,162.20670800324078,E,nan
866,1,3,Passenger_866,male,8,4,0,T866,120.22029599046228,E,Q
867,0,1,Passenger_867,female,29,0,1,T867,183.54945021779477,D,S
868,0,3,Passenger_868,female,53,3,0,T868,135.34903215638687,nan,S
869,1,1,Passenger_869,male,12,4,2,T869,189.00806141415086,F,S
870,1,3,Passenger_870,female,62,2,1,T870,124.41600390330875,G,S
871,1,1,Passenger_871,male,54,4,1,T871,75.92466835066686,F,S
872,1,2,Passenger_872,male,30,3,1,T872,99.56853795015256,B,S
873,0,2,Passenger_873,male,19,1,3,T873,121.4800326813651,nan,S
874,1,1,Passenger_874,male,58,1,1,T874,188.4547831174162,T,S
875,0,1,Passenger_875,female,38,4,0,T875,186.86730319474,G,S
876,0,3,Passenger_876,female,59,3,0,T876,31.46094456125887,G,S
877,0,3,Passenger_877,male,70,0,3,T877,160.72645205242742,D,C
878,0,1,Passenger_878,female,19,4,3,T878,151.78179180552146,F,S
879,1,2,Passenger_879,male,37,3,3,T879,196.15052033054215,D,S
880,1,3,Passenger_880,male,51,3,2,T880,40.27173518569013,E,S
881,1,3,Passenger_881,male,3,4,3,T881,159.80484570886324,nan,S
882,0,2,Passenger_882,male,21,4,3,T882,90.66505527465127,F,S
883,0,2,Passenger_883,female,49,3,0,T883,105.62443446052555,E,nan
884,1,1,Passenger_884,male,73,2,0,T884,45.13771949098229,D,nan
885,0,1,Passenger_885,male,54,0,2,T885,183.99073810396513,T,nan
886,1,3,Passenger_886,female,39,4,3,T886,46.16746065329096,T,S
887,0,1,Passenger_887,male,44,3,3,T887,68.52313353194783,C,S
888,0,1,Passenger_888,male,3,1,2,T888,125.31279361105311,A,S
889,1,3,Passenger_889,male,46,2,2,T889,199.0111663123185,C,C
890,0,3,Passenger_890,male,49,4,2,T890,173.0756807944527,G,S
891,1,3,Passenger_891,male,61,1,3,T891,140.66453595356748,nan,C
892,1,2,Passenger_892,female,76,3,1,T892,14.931120734546104,D,S
893,0,3,Passenger_893,female,25,3,0,T893,182.49320115897723,A,S
894,1,2,Passenger_894,female,71,0,1,T894,120.00158939301625,E,S
895,1,2,Passenger_895,female,64,3,3,T895,179.82446282328794,E,S
896,0,2,Passenger_896,male,57,0,0,T896,114.04273135266675,G,S
897,0,2,Passenger_897,female,78,3,2,T897,95.06694853046655,B,S
898,0,2,Passenger_898,male,14,3,1,T898,132.39567464799234,F,C
899,0,2,Passenger_899,female,58,1,3,T899,43.078125399930265,E,nan
900,0,3,Passenger_900,male,28,3,3,T900,60.2629002027963,F,C
901,0,3,Passenger_901,male,6,0,0,T901,44.64515799346162,C,S
902,1,1,Passenger_902,female,67,4,1,T902,109.37026018665472,D,S
903,0,3,Passenger_903,female,13,0,0,T903,110.73021068851952,T,S
904,0,2,Passenger_904,male,17,0,2,T904,175.45141176792646,C,C
905,0,3,Passenger_905,male,4,1,3,T905,46.5706745658545,T,Q
906,0,1,Passenger_906,male,11,4,2,T906,50.39382926111173,A,S
907,1,2,Passenger_907,female,53,2,3,T907,144.60940134073206,nan,S
908,0,3,Passenger_908,female,50,2,0,T908,62.484199141817236,nan,S
909,0,3,Passenger_909,male,20,3,3,T909,22.921551166485017,B,S
910,1,1,Passenger_910,male,4,3,1,T910,112.3471565048694,C,Q
911,0,3,Passenger_911,male,75,2,2,T911,34.91756557104887,nan,S
912,1,2,Passenger_912,female,24,4,0,T912,86.20980840976814,nan,S
913,0,3,Passenger_913,female,17,0,1,T913,77.41140215712814,A,S
914,1,3,Passenger_914,male,11,3,1,T914,128.70175959950438,B,S
915,0,3,Passenger_915,female,37,4,0,T915,121.71866104447652,G,C
916,1,3,Passenger_916,female,7,1,0,T916,53.54200245458198,F,S
917,1,3,Passenger_917,female,19,2,0,T917,192.32711504573572,G,S
918,1,3,Passenger_918,male,16,1,0,T918,124.68226170862789,E,S
919,0,3,Passenger_919,female,63,4,1,T919,81.57191417054258,D,C
920,1,2,Passenger_920,female,13,2,3,T920,148.18751826905722,E,Q
921,0,1,Passenger_921,male,10,0,3,T921,56.79202346546097,C,C
922,0,3,Passenger_922,male,15,0,2,T922,104.31842525918078,D,C
923,1,3,Passenger_923,male,76,1,3,T923,97.56981676218352,A,C
924,1,2,Passenger_924,female,58,3,2,T924,21.836672062347787,nan,S
925,0,1,Passenger_925,male,76,1,0,T925,135.34736344777005,D,S
926,0,3,Passenger_926,female,49,4,0,T926,186.89131323581836,F,C
927,1,1,Passenger_927,female,76,1,2,T927,58.77854739386354,T,C
928,0,3,Passenger_928,male,5,0,2,T928,135.80181163800793,D,S
929,0,3,Passenger_929,female,5,2,1,T929,33.96918928037145,G,S
930,0,3,Passenger_930,male,65,2,1,T930,44.77473826517235,T,S
931,0,2,Passenger_931,female,12,0,1,T931,128.26296772496264,B,C
932,1,2,Passenger_932,female,18,2,2,T932,97.04839823463138,A,S
933,1,2,Passenger_933,male,53,3,0,T933,22.645650239265898,nan,Q
934,0,3,Passenger_934,female,7,4,0,T934,26.615236054202636,B,S
935,0,3,Passenger_935,female,56,2,0,T935,158.03396084465317,A,S
936,0,2,Passenger_936,female,46,3,0,T936,99.7715918062846,A,Q
937,0,2,Passenger_937,male,62,2,2,T937,120.37375727270933,D,Q
938,0,2,Passenger_938,male,28,3,0,T938,174.7426411411126,G,C
939,0,2,Passenger_939,female,72,0,2,T939,148.7850138095096,T,S
940,0,2,Passenger_940,male,9,3,0,T940,191.86090418758826,D,S
941,0,1,Passenger_941,female,19,2,0,T941,13.364175402920832,G,S
942,0,3,Passenger_942,male,51,1,2,T942,14.746239440239293,nan,Q
943,0,1,Passenger_943,male,6,3,0,T943,182.49093153684757,F,nan
944,1,3,Passenger_944,male,65,2,0,T944,78.33998850738028,A,S
945,1,3,Passenger_945,male,69,1,3,T945,63.38044415315228,A,S
946,1,3,Passenger_946,female,69,3,1,T946,10.485301060543899,F,C
947,1,1,Passenger_947,female,20,0,1,T947,160.51291355248523,A,S
948,1,2,Passenger_948,male,11,1,2,T948,179.18447612535877,C,S
949,0,1,Passenger_949,female,76,0,3,T949,79.95944232287786,E,S
950,0,1,Passenger_950,male,20,4,2,T950,93.30249543373196,F,Q
951,1,3,Passenger_951,male,1,0,2,T951,117.15705484647144,nan,nan
952,1,1,Passenger_952,male,42,1,0,T952,53.63011318529804,C,S
953,1,3,Passenger_953,female,48,2,3,T953,145.16389871921876,B,S
954,0,1,Passenger_954,female,62,1,3,T954,139.7404146012142,D,S
955,0,1,Passenger_955,male,62,4,2,T955,81.09566943933939,A,S
956,1,2,Passenger_956,male,52,3,3,T956,73.8712374989243,D,nan
957,1,2,Passenger_957,female,37,1,1,T957,103.86871626170009,B,S
958,1,3,Passenger_958,female,3,2,2,T958,135.73706421879237,F,S
959,0,1,Passenger_959,male,71,3,3,T959,127.40174473665623,E,nan
960,0,3,Passenger_960,female,5,2,3,T960,121.1332976931078,F,C
961,0,2,Passenger_961,female,72,0,1,T961,181.80848623778752,B,C
962,1,3,Passenger_962,female,46,2,2,T962,126.76060297868588,F,S
963,1,2,Passenger_963,male,51,4,0,T963,85.23122317712564,F,Q
964,0,3,Passenger_964,female,67,0,3,T964,17.214054862928673,D,S
965,0,2,Passenger_965,male,59,3,2,T965,126.31142628107406,G,C
966,1,3,Passenger_966,male,8,0,1,T966,149.57144365111378,G,S
967,0,3,Passenger_967,female,78,1,1,T967,150.2007680772183,C,Q
968,0,2,Passenger_968,female,36,4,2,T968,37.09529061333808,E,S
969,0,2,Passenger_969,female,49,0,1,T969,22.08936531678881,C,nan
970,1,1,Passenger_970,male,13,0,3,T970,59.460184537168914,E,S
971,1,2,Passenger_971,male,62,1,3,T971,57.6908392843624,C,S
972,0,3,Passenger_972,female,73,4,1,T972,128.57456497825416,F,S
973,1,3,Passenger_973,female,57,1,2,T973,125.59165965977616,T,C
974,1,3,Passenger_974,female,47,1,0,T974,43.54101970428316,E,C
975,0,1,Passenger_975,female,46,2,3,T975,185.42287157673564,G,S
976,0,3,Passenger_976,female,13,0,0,T976,37.70046894894129,F,Q
977,1,1,Passenger_977,female,76,1,2,T977,27.73850864387969,B,Q
978,0,3,Passenger_978,female,76,2,1,T978,96.45243653058878,A,nan
979,0,3,Passenger_979,male,20,4,1,T979,32.339782469706975,F,S
980,0,2,Passenger_980,male,70,4,0,T980,43.591338877285494,B,S
981,0,2,Passenger_981,female,61,1,0,T981,88.45383168397434,D,S
982,1,1,Passenger_982,male,45,3,2,T982,30.533946016652507,G,C
983,1,3,Passenger_983,female,53,2,2,T983,57.25531905673596,B,C
984,1,2,Passenger_984,male,79,1,1,T984,15.66405978171148,nan,C
985,1,2,Passenger_985,female,47,0,2,T985,27.407860150165728,G,nan
986,0,3,Passenger_986,female,22,2,0,T986,72.30205109717728,F,S
987,1,3,Passenger_987,male,79,3,2,T987,60.007725272760965,F,Q
988,0,2,Passenger_988,female,62,3,3,T988,122.21960861958897,D,S
989,1,1,Passenger_989,male,1,0,2,T989,31.921955985768076,A,S
990,1,2,Passenger_990,female,73,3,0,T990,84.7467996102231,T,S
991,1,3,Passenger_991,male,26,3,1,T991,85.38489396202338,T,S
992,0,2,Passenger_992,male,37,3,2,T992,147.8849166487193,G,S
993,0,3,Passenger_993,male,45,3,1,T993,14.270367660814362,E,Q
994,1,3,Passenger_994,female,71,4,1,T994,65.34996988531248,nan,nan
995,1,3,Passenger_995,female,25,1,3,T995,182.30417655069704,nan,S
996,0,3,Passenger_996,female,3,0,0,T996,64.30022723074586,B,nan
997,0,2,Passenger_997,male,64,0,2,T997,162.03904602817965,A,Q
998,0,1,Passenger_998,male,25,0,0,T998,67.33382900398722,C,S
999,0,3,Passenger_999,female,33,3,0,T999,196.6673044902824,A,S
1000,1,2,Passenger_1000,male,45,0,0,T1000,126.41161828247337,B,nan
